DriverId,TeamId,Position,GridPosition,Time,Status,Points,season,round,circuitId
alonso,ferrari,1.0,3.0,0.0,Finished,25.0,2010,1,bahrain
massa,ferrari,2.0,2.0,16.099,Finished,18.0,2010,1,bahrain
hamilton,mclaren,3.0,4.0,23.182,Finished,15.0,2010,1,bahrain
vettel,red_bull,4.0,1.0,38.799,Finished,12.0,2010,1,bahrain
rosberg,mercedes,5.0,5.0,40.213,Finished,10.0,2010,1,bahrain
michael_schumacher,mercedes,6.0,7.0,44.163,Finished,8.0,2010,1,bahrain
button,mclaren,7.0,8.0,45.28,Finished,6.0,2010,1,bahrain
webber,red_bull,8.0,6.0,46.36,Finished,4.0,2010,1,bahrain
liuzzi,force_india,9.0,12.0,53.008,Finished,2.0,2010,1,bahrain
barrichello,williams,10.0,11.0,62.489,Finished,1.0,2010,1,bahrain
kubica,renault,11.0,9.0,69.093,Finished,0.0,2010,1,bahrain
sutil,force_india,12.0,10.0,82.958,Finished,0.0,2010,1,bahrain
alguersuari,toro_rosso,13.0,18.0,92.656,Finished,0.0,2010,1,bahrain
hulkenberg,williams,14.0,13.0,192.656,+1 Lap,0.0,2010,1,bahrain
kovalainen,lotus_racing,15.0,21.0,192.656,+2 Laps,0.0,2010,1,bahrain
buemi,toro_rosso,16.0,15.0,192.656,Electrical,0.0,2010,1,bahrain
trulli,lotus_racing,17.0,20.0,192.656,Hydraulics,0.0,2010,1,bahrain
rosa,sauber,18.0,14.0,192.656,Hydraulics,0.0,2010,1,bahrain
bruno_senna,hrt,19.0,23.0,192.656,Overheating,0.0,2010,1,bahrain
glock,virgin,20.0,19.0,192.656,Gearbox,0.0,2010,1,bahrain
petrov,renault,21.0,17.0,192.656,Suspension,0.0,2010,1,bahrain
kobayashi,sauber,22.0,16.0,192.656,Hydraulics,0.0,2010,1,bahrain
grassi,virgin,23.0,22.0,192.656,Hydraulics,0.0,2010,1,bahrain
chandhok,hrt,24.0,24.0,192.656,Accident,0.0,2010,1,bahrain
button,mclaren,1.0,4.0,0.0,Finished,25.0,2010,2,albert_park
kubica,renault,2.0,9.0,12.034,Finished,18.0,2010,2,albert_park
massa,ferrari,3.0,5.0,14.488,Finished,15.0,2010,2,albert_park
alonso,ferrari,4.0,3.0,16.304,Finished,12.0,2010,2,albert_park
rosberg,mercedes,5.0,6.0,16.683,Finished,10.0,2010,2,albert_park
hamilton,mclaren,6.0,11.0,29.898,Finished,8.0,2010,2,albert_park
liuzzi,force_india,7.0,13.0,59.847,Finished,6.0,2010,2,albert_park
barrichello,williams,8.0,8.0,60.536,Finished,4.0,2010,2,albert_park
webber,red_bull,9.0,2.0,67.319,Finished,2.0,2010,2,albert_park
michael_schumacher,mercedes,10.0,7.0,69.391,Finished,1.0,2010,2,albert_park
alguersuari,toro_rosso,11.0,17.0,71.301,Finished,0.0,2010,2,albert_park
rosa,sauber,12.0,14.0,74.084,Finished,0.0,2010,2,albert_park
kovalainen,lotus_racing,13.0,19.0,174.084,+2 Laps,0.0,2010,2,albert_park
chandhok,hrt,14.0,22.0,174.084,+5 Laps,0.0,2010,2,albert_park
glock,virgin,15.0,23.0,174.084,Suspension,0.0,2010,2,albert_park
grassi,virgin,16.0,24.0,174.084,Hydraulics,0.0,2010,2,albert_park
vettel,red_bull,17.0,1.0,174.084,Wheel,0.0,2010,2,albert_park
sutil,force_india,18.0,10.0,174.084,Engine,0.0,2010,2,albert_park
petrov,renault,19.0,18.0,174.084,Spun off,0.0,2010,2,albert_park
bruno_senna,hrt,20.0,21.0,174.084,Hydraulics,0.0,2010,2,albert_park
buemi,toro_rosso,21.0,12.0,174.084,Collision,0.0,2010,2,albert_park
hulkenberg,williams,22.0,15.0,174.084,Collision,0.0,2010,2,albert_park
kobayashi,sauber,23.0,16.0,174.084,Collision,0.0,2010,2,albert_park
trulli,lotus_racing,24.0,20.0,174.084,Hydraulics,0.0,2010,2,albert_park
vettel,red_bull,1.0,3.0,0.0,Finished,25.0,2010,3,sepang
webber,red_bull,2.0,1.0,4.849,Finished,18.0,2010,3,sepang
rosberg,mercedes,3.0,2.0,13.504,Finished,15.0,2010,3,sepang
kubica,renault,4.0,6.0,18.589,Finished,12.0,2010,3,sepang
sutil,force_india,5.0,4.0,21.059,Finished,10.0,2010,3,sepang
hamilton,mclaren,6.0,20.0,23.471,Finished,8.0,2010,3,sepang
massa,ferrari,7.0,21.0,27.068,Finished,6.0,2010,3,sepang
button,mclaren,8.0,17.0,37.918,Finished,4.0,2010,3,sepang
alguersuari,toro_rosso,9.0,14.0,70.602,Finished,2.0,2010,3,sepang
hulkenberg,williams,10.0,5.0,73.399,Finished,1.0,2010,3,sepang
buemi,toro_rosso,11.0,13.0,78.938,Finished,0.0,2010,3,sepang
barrichello,williams,12.0,7.0,178.938,+1 Lap,0.0,2010,3,sepang
alonso,ferrari,13.0,19.0,178.938,Engine,0.0,2010,3,sepang
grassi,virgin,14.0,24.0,178.938,+3 Laps,0.0,2010,3,sepang
chandhok,hrt,15.0,22.0,178.938,+3 Laps,0.0,2010,3,sepang
bruno_senna,hrt,16.0,23.0,178.938,+4 Laps,0.0,2010,3,sepang
trulli,lotus_racing,17.0,18.0,178.938,+5 Laps,0.0,2010,3,sepang
kovalainen,lotus_racing,18.0,15.0,178.938,+10 Laps,0.0,2010,3,sepang
petrov,renault,19.0,11.0,178.938,Gearbox,0.0,2010,3,sepang
liuzzi,force_india,20.0,10.0,178.938,Throttle,0.0,2010,3,sepang
michael_schumacher,mercedes,21.0,8.0,178.938,Wheel,0.0,2010,3,sepang
kobayashi,sauber,22.0,9.0,178.938,Engine,0.0,2010,3,sepang
glock,virgin,23.0,16.0,178.938,Spun off,0.0,2010,3,sepang
rosa,sauber,24.0,12.0,178.938,Engine,0.0,2010,3,sepang
button,mclaren,1.0,5.0,0.0,Finished,25.0,2010,4,shanghai
hamilton,mclaren,2.0,6.0,1.53,Finished,18.0,2010,4,shanghai
rosberg,mercedes,3.0,4.0,9.484,Finished,15.0,2010,4,shanghai
alonso,ferrari,4.0,3.0,11.869,Finished,12.0,2010,4,shanghai
kubica,renault,5.0,8.0,22.213,Finished,10.0,2010,4,shanghai
vettel,red_bull,6.0,1.0,33.31,Finished,8.0,2010,4,shanghai
petrov,renault,7.0,14.0,47.6,Finished,6.0,2010,4,shanghai
webber,red_bull,8.0,2.0,52.172,Finished,4.0,2010,4,shanghai
massa,ferrari,9.0,7.0,57.796,Finished,2.0,2010,4,shanghai
michael_schumacher,mercedes,10.0,9.0,61.749,Finished,1.0,2010,4,shanghai
sutil,force_india,11.0,10.0,62.874,Finished,0.0,2010,4,shanghai
barrichello,williams,12.0,11.0,63.665,Finished,0.0,2010,4,shanghai
alguersuari,toro_rosso,13.0,12.0,71.416,Finished,0.0,2010,4,shanghai
kovalainen,lotus_racing,14.0,21.0,171.416,+1 Lap,0.0,2010,4,shanghai
hulkenberg,williams,15.0,16.0,171.416,+1 Lap,0.0,2010,4,shanghai
bruno_senna,hrt,16.0,23.0,171.416,+2 Laps,0.0,2010,4,shanghai
chandhok,hrt,17.0,24.0,171.416,+4 Laps,0.0,2010,4,shanghai
trulli,lotus_racing,18.0,20.0,171.416,Hydraulics,0.0,2010,4,shanghai
grassi,virgin,19.0,22.0,171.416,Clutch,0.0,2010,4,shanghai
rosa,sauber,20.0,17.0,171.416,Technical,0.0,2010,4,shanghai
buemi,toro_rosso,21.0,13.0,171.416,Accident,0.0,2010,4,shanghai
kobayashi,sauber,22.0,15.0,171.416,Accident,0.0,2010,4,shanghai
liuzzi,force_india,23.0,18.0,171.416,Accident,0.0,2010,4,shanghai
glock,virgin,24.0,19.0,171.416,Engine,0.0,2010,4,shanghai
webber,red_bull,1.0,1.0,0.0,Finished,25.0,2010,5,catalunya
alonso,ferrari,2.0,4.0,24.065,Finished,18.0,2010,5,catalunya
vettel,red_bull,3.0,2.0,51.338,Finished,15.0,2010,5,catalunya
michael_schumacher,mercedes,4.0,6.0,62.195,Finished,12.0,2010,5,catalunya
button,mclaren,5.0,5.0,63.728,Finished,10.0,2010,5,catalunya
massa,ferrari,6.0,9.0,65.767,Finished,8.0,2010,5,catalunya
sutil,force_india,7.0,11.0,72.941,Finished,6.0,2010,5,catalunya
kubica,renault,8.0,7.0,73.677,Finished,4.0,2010,5,catalunya
barrichello,williams,9.0,17.0,173.67700000000002,+1 Lap,2.0,2010,5,catalunya
alguersuari,toro_rosso,10.0,15.0,173.67700000000002,+1 Lap,1.0,2010,5,catalunya
petrov,renault,11.0,19.0,173.67700000000002,+1 Lap,0.0,2010,5,catalunya
kobayashi,sauber,12.0,10.0,173.67700000000002,+1 Lap,0.0,2010,5,catalunya
rosberg,mercedes,13.0,8.0,173.67700000000002,+1 Lap,0.0,2010,5,catalunya
hamilton,mclaren,14.0,3.0,173.67700000000002,Puncture,0.0,2010,5,catalunya
liuzzi,force_india,15.0,16.0,173.67700000000002,Engine,0.0,2010,5,catalunya
hulkenberg,williams,16.0,13.0,173.67700000000002,+2 Laps,0.0,2010,5,catalunya
trulli,lotus_racing,17.0,18.0,173.67700000000002,+3 Laps,0.0,2010,5,catalunya
glock,virgin,18.0,22.0,173.67700000000002,+3 Laps,0.0,2010,5,catalunya
grassi,virgin,19.0,23.0,173.67700000000002,+4 Laps,0.0,2010,5,catalunya
buemi,toro_rosso,20.0,14.0,173.67700000000002,Hydraulics,0.0,2010,5,catalunya
chandhok,hrt,21.0,24.0,173.67700000000002,Suspension,0.0,2010,5,catalunya
rosa,sauber,22.0,12.0,173.67700000000002,Collision,0.0,2010,5,catalunya
bruno_senna,hrt,23.0,21.0,173.67700000000002,Accident,0.0,2010,5,catalunya
kovalainen,lotus_racing,24.0,20.0,173.67700000000002,Gearbox,0.0,2010,5,catalunya
